continent,1952,1957
Africa,1252.572466,1385.236062
Americas,4079.062552,4616.043733
Asia,5195.484004,4003.13294
Europe,5661.057435,6963.012816
Oceania,10298.08565,11598.52246
